[1,["173rzDCmtLirAL3Fi4hVge"],["_effectAsset"],[["cc.Material",["_name","_props","_states","_defines"],-1],["cc.EffectAsset",["_name","shaders","techniques"],0]],[[0,0,1,2,3,5],[1,0,1,2,4]],[[[[0,"default-trail-material",[{}],[{"rasterizerState":{},"depthStencilState":{},"blendState":{"targets":[{}]}}],[{}]]],0,0,[0],[0],[0]],[[[1,"particles/builtin-particle-trail",[{"hash":323813088,"name":"particles/builtin-particle-trail|builtin/internal/particle-trail:vs_main|tinted-fs:add","blocks":[{"name":"Constants","stageFlags":1,"binding":0,"members":[{"name":"mainTiling_Offset","type":16,"count":1},{"name":"frameTile_velLenScale","type":16,"count":1},{"name":"scale","type":16,"count":1},{"name":"nodeRotation","type":16,"count":1}],"defines":[]},{"name":"FragConstants","stageFlags":16,"binding":1,"members":[{"name":"tintColor","type":16,"count":1}],"defines":[]}],"samplerTextures":[{"name":"mainTexture","type":28,"count":1,"stageFlags":16,"sampleType":0,"binding":2,"defines":[]}],"samplers":[],"textures":[],"buffers":[],"images":[],"subpassInputs":[],"attributes":[{"name":"a_position","format":32,"location":0,"defines":[]},{"name":"a_texCoord","format":44,"location":1,"defines":[]},{"name":"a_texCoord1","format":32,"location":2,"defines":[]},{"name":"a_texCoord2","format":32,"location":3,"defines":[]},{"name":"a_color","format":44,"location":4,"defines":[]}],"fragColors":[{"name":"cc_FragColor","typename":"vec4","type":16,"count":1,"stageFlags":16,"location":0,"defines":[]}],"descriptors":[{"rate":0,"blocks":[{"name":"CCLocal","stageFlags":1,"tags":{"builtin":"local"},"members":[{"name":"cc_matWorld","typename":"mat4","type":25,"count":1,"precision":"highp "},{"name":"cc_matWorldIT","typename":"mat4","type":25,"count":1,"precision":"highp "},{"name":"cc_lightingMapUVParam","typename":"vec4","type":16,"count":1,"precision":"highp "},{"name":"cc_localShadowBias","typename":"vec4","type":16,"count":1,"precision":"highp "},{"name":"cc_reflectionProbeData1","typename":"vec4","type":16,"count":1,"precision":"highp "},{"name":"cc_reflectionProbeData2","typename":"vec4","type":16,"count":1,"precision":"highp "},{"name":"cc_reflectionProbeBlendData1","typename":"vec4","type":16,"count":1,"precision":"highp "},{"name":"cc_reflectionProbeBlendData2","typename":"vec4","type":16,"count":1,"precision":"highp "}],"defines":[]}],"samplerTextures":[],"samplers":[],"textures":[],"buffers":[],"images":[],"subpassInputs":[]},{"rate":1,"blocks":[{"name":"Constants","stageFlags":1,"binding":0,"members":[{"name":"mainTiling_Offset","type":16,"count":1},{"name":"frameTile_velLenScale","type":16,"count":1},{"name":"scale","type":16,"count":1},{"name":"nodeRotation","type":16,"count":1}],"defines":[]},{"name":"FragConstants","stageFlags":16,"binding":1,"members":[{"name":"tintColor","type":16,"count":1}],"defines":[]}],"samplerTextures":[{"name":"mainTexture","type":28,"count":1,"stageFlags":16,"sampleType":0,"binding":2,"defines":[]}],"samplers":[],"textures":[],"buffers":[],"images":[],"subpassInputs":[]},{"rate":2,"blocks":[],"samplerTextures":[],"samplers":[],"textures":[],"buffers":[],"images":[],"subpassInputs":[]},{"rate":3,"blocks":[{"name":"CCGlobal","stageFlags":17,"tags":{"builtin":"global"},"members":[{"name":"cc_time","typename":"vec4","type":16,"count":1,"precision":"highp "},{"name":"cc_screenSize","typename":"vec4","type":16,"count":1,"precision":"mediump "},{"name":"cc_nativeSize","typename":"vec4","type":16,"count":1,"precision":"mediump "},{"name":"cc_probeInfo","typename":"vec4","type":16,"count":1,"precision":"mediump "},{"name":"cc_debug_view_mode","typename":"vec4","type":16,"count":1,"precision":"mediump "}],"defines":[]},{"name":"CCCamera","stageFlags":17,"tags":{"builtin":"global"},"members":[{"name":"cc_matView","typename":"mat4","type":25,"count":1,"precision":"highp "},{"name":"cc_matViewInv","typename":"mat4","type":25,"count":1,"precision":"highp "},{"name":"cc_matProj","typename":"mat4","type":25,"count":1,"precision":"highp "},{"name":"cc_matProjInv","typename":"mat4","type":25,"count":1,"precision":"highp "},{"name":"cc_matViewProj","typename":"mat4","type":25,"count":1,"precision":"highp "},{"name":"cc_matViewProjInv","typename":"mat4","type":25,"count":1,"precision":"highp "},{"name":"cc_cameraPos","typename":"vec4","type":16,"count":1,"precision":"highp "},{"name":"cc_surfaceTransform","typename":"vec4","type":16,"count":1,"precision":"mediump "},{"name":"cc_screenScale","typename":"vec4","type":16,"count":1,"precision":"mediump "},{"name":"cc_exposure","typename":"vec4","type":16,"count":1,"precision":"mediump "},{"name":"cc_mainLitDir","typename":"vec4","type":16,"count":1,"precision":"mediump "},{"name":"cc_mainLitColor","typename":"vec4","type":16,"count":1,"precision":"mediump "},{"name":"cc_ambientSky","typename":"vec4","type":16,"count":1,"precision":"mediump "},{"name":"cc_ambientGround","typename":"vec4","type":16,"count":1,"precision":"mediump "},{"name":"cc_fogColor","typename":"vec4","type":16,"count":1,"precision":"mediump "},{"name":"cc_fogBase","typename":"vec4","type":16,"count":1,"precision":"mediump "},{"name":"cc_fogAdd","typename":"vec4","type":16,"count":1,"precision":"mediump "},{"name":"cc_nearFar","typename":"vec4","type":16,"count":1,"precision":"mediump "},{"name":"cc_viewPort","typename":"vec4","type":16,"count":1,"precision":"mediump "}],"defines":[]}],"samplerTextures":[],"samplers":[],"textures":[],"buffers":[],"images":[],"subpassInputs":[]}],"glsl1":{"vert":"\nprecision mediump float;\n   uniform vec4 mainTiling_Offset;\nuniform highp mat4 cc_matViewProj;\n  uniform highp vec4 cc_cameraPos;\nuniform highp mat4 cc_matWorld;\nvarying mediump vec2 uv;\nvarying mediump vec4 color;\nattribute vec3 a_position;\nattribute vec4 a_texCoord;\nattribute vec3 a_texCoord1;\nattribute vec3 a_texCoord2;\nattribute vec4 a_color;\n#if CC_DRAW_WIRE_FRAME\n  varying vec3 vBarycentric;\n#endif\nvec4 vs_main() {\n  highp vec4 pos = vec4(a_position, 1);\n  vec4 velocity = vec4(a_texCoord1.xyz, 0);\n  #if !CC_USE_WORLD_SPACE\n    pos = cc_matWorld * pos;\n    velocity = cc_matWorld * velocity;\n  #endif\n  float vertOffset = (a_texCoord.x - 0.5) * a_texCoord.y;\n  vec3 camUp = normalize(cross(pos.xyz - cc_cameraPos.xyz, velocity.xyz));\n  pos.xyz += camUp * vertOffset;\n  pos = cc_matViewProj * pos;\n  uv = a_texCoord.zw * mainTiling_Offset.xy + mainTiling_Offset.zw;;\n  color = a_color;\n  #if CC_DRAW_WIRE_FRAME\n    vBarycentric = a_texCoord2;\n  #endif\n  return pos;\n}\nvoid main() { gl_Position = vs_main(); }","frag":"\n  precision mediump float;\n  vec4 CCFragOutput (vec4 color) {\n    return color;\n  }\n  vec4 CCSampleWithAlphaSeparated(sampler2D tex, vec2 uv) {\n  #if CC_USE_EMBEDDED_ALPHA\n    return vec4(texture2D(tex, uv).rgb, texture2D(tex, uv + vec2(0.0, 0.5)).r);\n  #else\n    return texture2D(tex, uv);\n  #endif\n  }\n  varying vec2 uv;\n  varying vec4 color;\n  #if CC_DRAW_WIRE_FRAME\n    varying vec3 vBarycentric;\n  #endif\n  uniform sampler2D mainTexture;\n      uniform vec4 tintColor;\n  vec4 add () {\n    vec4 col = 2.0 * color * tintColor * CCSampleWithAlphaSeparated(mainTexture, uv);\n#if CC_DRAW_WIRE_FRAME\n    if (any(lessThan(vBarycentric, vec3(0.02)))) {\n        col = vec4(0., 1., 1., 1.);\n    }\n#endif\n    return CCFragOutput(col);\n  }\nvoid main() { gl_FragColor = add(); }"},"builtins":{"globals":{"blocks":[{"name":"CCGlobal","defines":[]},{"name":"CCCamera","defines":[]}],"samplerTextures":[],"buffers":[],"images":[]},"locals":{"blocks":[{"name":"CCLocal","defines":[]}],"samplerTextures":[],"buffers":[],"images":[]},"statistics":{"CC_EFFECT_USED_VERTEX_UNIFORM_VECTORS":60,"CC_EFFECT_USED_FRAGMENT_UNIFORM_VECTORS":43}},"defines":[{"name":"CC_RENDER_MODE","type":"number","range":[0,4]},{"name":"CC_DRAW_WIRE_FRAME","type":"boolean"},{"name":"CC_USE_WORLD_SPACE","type":"boolean"},{"name":"CC_USE_EMBEDDED_ALPHA","type":"boolean"}]},{"hash":1953373049,"name":"particles/builtin-particle-trail|builtin/internal/particle-trail:vs_main|tinted-fs:multiply","blocks":[{"name":"Constants","stageFlags":1,"binding":0,"members":[{"name":"mainTiling_Offset","type":16,"count":1},{"name":"frameTile_velLenScale","type":16,"count":1},{"name":"scale","type":16,"count":1},{"name":"nodeRotation","type":16,"count":1}],"defines":[]},{"name":"FragConstants","stageFlags":16,"binding":1,"members":[{"name":"tintColor","type":16,"count":1}],"defines":[]}],"samplerTextures":[{"name":"mainTexture","type":28,"count":1,"stageFlags":16,"sampleType":0,"binding":2,"defines":[]}],"samplers":[],"textures":[],"buffers":[],"images":[],"subpassInputs":[],"attributes":[{"name":"a_position","format":32,"location":0,"defines":[]},{"name":"a_texCoord","format":44,"location":1,"defines":[]},{"name":"a_texCoord1","format":32,"location":2,"defines":[]},{"name":"a_texCoord2","format":32,"location":3,"defines":[]},{"name":"a_color","format":44,"location":4,"defines":[]}],"fragColors":[{"name":"cc_FragColor","typename":"vec4","type":16,"count":1,"stageFlags":16,"location":0,"defines":[]}],"descriptors":[{"rate":0,"blocks":[{"name":"CCLocal","stageFlags":1,"tags":{"builtin":"local"},"members":[{"name":"cc_matWorld","typename":"mat4","type":25,"count":1,"precision":"highp "},{"name":"cc_matWorldIT","typename":"mat4","type":25,"count":1,"precision":"highp "},{"name":"cc_lightingMapUVParam","typename":"vec4","type":16,"count":1,"precision":"highp "},{"name":"cc_localShadowBias","typename":"vec4","type":16,"count":1,"precision":"highp "},{"name":"cc_reflectionProbeData1","typename":"vec4","type":16,"count":1,"precision":"highp "},{"name":"cc_reflectionProbeData2","typename":"vec4","type":16,"count":1,"precision":"highp "},{"name":"cc_reflectionProbeBlendData1","typename":"vec4","type":16,"count":1,"precision":"highp "},{"name":"cc_reflectionProbeBlendData2","typename":"vec4","type":16,"count":1,"precision":"highp "}],"defines":[]}],"samplerTextures":[],"samplers":[],"textures":[],"buffers":[],"images":[],"subpassInputs":[]},{"rate":1,"blocks":[{"name":"Constants","stageFlags":1,"binding":0,"members":[{"name":"mainTiling_Offset","type":16,"count":1},{"name":"frameTile_velLenScale","type":16,"count":1},{"name":"scale","type":16,"count":1},{"name":"nodeRotation","type":16,"count":1}],"defines":[]},{"name":"FragConstants","stageFlags":16,"binding":1,"members":[{"name":"tintColor","type":16,"count":1}],"defines":[]}],"samplerTextures":[{"name":"mainTexture","type":28,"count":1,"stageFlags":16,"sampleType":0,"binding":2,"defines":[]}],"samplers":[],"textures":[],"buffers":[],"images":[],"subpassInputs":[]},{"rate":2,"blocks":[],"samplerTextures":[],"samplers":[],"textures":[],"buffers":[],"images":[],"subpassInputs":[]},{"rate":3,"blocks":[{"name":"CCGlobal","stageFlags":17,"tags":{"builtin":"global"},"members":[{"name":"cc_time","typename":"vec4","type":16,"count":1,"precision":"highp "},{"name":"cc_screenSize","typename":"vec4","type":16,"count":1,"precision":"mediump "},{"name":"cc_nativeSize","typename":"vec4","type":16,"count":1,"precision":"mediump "},{"name":"cc_probeInfo","typename":"vec4","type":16,"count":1,"precision":"mediump "},{"name":"cc_debug_view_mode","typename":"vec4","type":16,"count":1,"precision":"mediump "}],"defines":[]},{"name":"CCCamera","stageFlags":17,"tags":{"builtin":"global"},"members":[{"name":"cc_matView","typename":"mat4","type":25,"count":1,"precision":"highp "},{"name":"cc_matViewInv","typename":"mat4","type":25,"count":1,"precision":"highp "},{"name":"cc_matProj","typename":"mat4","type":25,"count":1,"precision":"highp "},{"name":"cc_matProjInv","typename":"mat4","type":25,"count":1,"precision":"highp "},{"name":"cc_matViewProj","typename":"mat4","type":25,"count":1,"precision":"highp "},{"name":"cc_matViewProjInv","typename":"mat4","type":25,"count":1,"precision":"highp "},{"name":"cc_cameraPos","typename":"vec4","type":16,"count":1,"precision":"highp "},{"name":"cc_surfaceTransform","typename":"vec4","type":16,"count":1,"precision":"mediump "},{"name":"cc_screenScale","typename":"vec4","type":16,"count":1,"precision":"mediump "},{"name":"cc_exposure","typename":"vec4","type":16,"count":1,"precision":"mediump "},{"name":"cc_mainLitDir","typename":"vec4","type":16,"count":1,"precision":"mediump "},{"name":"cc_mainLitColor","typename":"vec4","type":16,"count":1,"precision":"mediump "},{"name":"cc_ambientSky","typename":"vec4","type":16,"count":1,"precision":"mediump "},{"name":"cc_ambientGround","typename":"vec4","type":16,"count":1,"precision":"mediump "},{"name":"cc_fogColor","typename":"vec4","type":16,"count":1,"precision":"mediump "},{"name":"cc_fogBase","typename":"vec4","type":16,"count":1,"precision":"mediump "},{"name":"cc_fogAdd","typename":"vec4","type":16,"count":1,"precision":"mediump "},{"name":"cc_nearFar","typename":"vec4","type":16,"count":1,"precision":"mediump "},{"name":"cc_viewPort","typename":"vec4","type":16,"count":1,"precision":"mediump "}],"defines":[]}],"samplerTextures":[],"samplers":[],"textures":[],"buffers":[],"images":[],"subpassInputs":[]}],"glsl1":{"vert":"\nprecision mediump float;\n   uniform vec4 mainTiling_Offset;\nuniform highp mat4 cc_matViewProj;\n  uniform highp vec4 cc_cameraPos;\nuniform highp mat4 cc_matWorld;\nvarying mediump vec2 uv;\nvarying mediump vec4 color;\nattribute vec3 a_position;\nattribute vec4 a_texCoord;\nattribute vec3 a_texCoord1;\nattribute vec3 a_texCoord2;\nattribute vec4 a_color;\n#if CC_DRAW_WIRE_FRAME\n  varying vec3 vBarycentric;\n#endif\nvec4 vs_main() {\n  highp vec4 pos = vec4(a_position, 1);\n  vec4 velocity = vec4(a_texCoord1.xyz, 0);\n  #if !CC_USE_WORLD_SPACE\n    pos = cc_matWorld * pos;\n    velocity = cc_matWorld * velocity;\n  #endif\n  float vertOffset = (a_texCoord.x - 0.5) * a_texCoord.y;\n  vec3 camUp = normalize(cross(pos.xyz - cc_cameraPos.xyz, velocity.xyz));\n  pos.xyz += camUp * vertOffset;\n  pos = cc_matViewProj * pos;\n  uv = a_texCoord.zw * mainTiling_Offset.xy + mainTiling_Offset.zw;;\n  color = a_color;\n  #if CC_DRAW_WIRE_FRAME\n    vBarycentric = a_texCoord2;\n  #endif\n  return pos;\n}\nvoid main() { gl_Position = vs_main(); }","frag":"\n  precision mediump float;\n  vec4 CCFragOutput (vec4 color) {\n    return color;\n  }\n  vec4 CCSampleWithAlphaSeparated(sampler2D tex, vec2 uv) {\n  #if CC_USE_EMBEDDED_ALPHA\n    return vec4(texture2D(tex, uv).rgb, texture2D(tex, uv + vec2(0.0, 0.5)).r);\n  #else\n    return texture2D(tex, uv);\n  #endif\n  }\n  varying vec2 uv;\n  varying vec4 color;\n  #if CC_DRAW_WIRE_FRAME\n    varying vec3 vBarycentric;\n  #endif\n  uniform sampler2D mainTexture;\n      uniform vec4 tintColor;\n  vec4 multiply () {\n    vec4 col;\n    vec4 texColor = CCSampleWithAlphaSeparated(mainTexture, uv);\n    col.rgb = tintColor.rgb * texColor.rgb * color.rgb * vec3(2.0);\n    col.a = (1.0 - texColor.a) * (tintColor.a * color.a * 2.0);\n#if CC_DRAW_WIRE_FRAME\n    if (any(lessThan(vBarycentric, vec3(0.02)))) {\n        col = vec4(0., 1., 1., col.a);\n    }\n#endif\n    return CCFragOutput(col);\n  }\nvoid main() { gl_FragColor = multiply(); }"},"builtins":{"globals":{"blocks":[{"name":"CCGlobal","defines":[]},{"name":"CCCamera","defines":[]}],"samplerTextures":[],"buffers":[],"images":[]},"locals":{"blocks":[{"name":"CCLocal","defines":[]}],"samplerTextures":[],"buffers":[],"images":[]},"statistics":{"CC_EFFECT_USED_VERTEX_UNIFORM_VECTORS":60,"CC_EFFECT_USED_FRAGMENT_UNIFORM_VECTORS":43}},"defines":[{"name":"CC_RENDER_MODE","type":"number","range":[0,4]},{"name":"CC_DRAW_WIRE_FRAME","type":"boolean"},{"name":"CC_USE_WORLD_SPACE","type":"boolean"},{"name":"CC_USE_EMBEDDED_ALPHA","type":"boolean"}]},{"hash":2704602038,"name":"particles/builtin-particle-trail|builtin/internal/particle-trail:vs_main|no-tint-fs:addSmooth","blocks":[{"name":"Constants","stageFlags":1,"binding":0,"members":[{"name":"mainTiling_Offset","type":16,"count":1},{"name":"frameTile_velLenScale","type":16,"count":1},{"name":"scale","type":16,"count":1},{"name":"nodeRotation","type":16,"count":1}],"defines":[]}],"samplerTextures":[{"name":"mainTexture","type":28,"count":1,"stageFlags":16,"sampleType":0,"binding":1,"defines":[]}],"samplers":[],"textures":[],"buffers":[],"images":[],"subpassInputs":[],"attributes":[{"name":"a_position","format":32,"location":0,"defines":[]},{"name":"a_texCoord","format":44,"location":1,"defines":[]},{"name":"a_texCoord1","format":32,"location":2,"defines":[]},{"name":"a_texCoord2","format":32,"location":3,"defines":[]},{"name":"a_color","format":44,"location":4,"defines":[]}],"fragColors":[{"name":"cc_FragColor","typename":"vec4","type":16,"count":1,"stageFlags":16,"location":0,"defines":[]}],"descriptors":[{"rate":0,"blocks":[{"name":"CCLocal","stageFlags":1,"tags":{"builtin":"local"},"members":[{"name":"cc_matWorld","typename":"mat4","type":25,"count":1,"precision":"highp "},{"name":"cc_matWorldIT","typename":"mat4","type":25,"count":1,"precision":"highp "},{"name":"cc_lightingMapUVParam","typename":"vec4","type":16,"count":1,"precision":"highp "},{"name":"cc_localShadowBias","typename":"vec4","type":16,"count":1,"precision":"highp "},{"name":"cc_reflectionProbeData1","typename":"vec4","type":16,"count":1,"precision":"highp "},{"name":"cc_reflectionProbeData2","typename":"vec4","type":16,"count":1,"precision":"highp "},{"name":"cc_reflectionProbeBlendData1","typename":"vec4","type":16,"count":1,"precision":"highp "},{"name":"cc_reflectionProbeBlendData2","typename":"vec4","type":16,"count":1,"precision":"highp "}],"defines":[]}],"samplerTextures":[],"samplers":[],"textures":[],"buffers":[],"images":[],"subpassInputs":[]},{"rate":1,"blocks":[{"name":"Constants","stageFlags":1,"binding":0,"members":[{"name":"mainTiling_Offset","type":16,"count":1},{"name":"frameTile_velLenScale","type":16,"count":1},{"name":"scale","type":16,"count":1},{"name":"nodeRotation","type":16,"count":1}],"defines":[]}],"samplerTextures":[{"name":"mainTexture","type":28,"count":1,"stageFlags":16,"sampleType":0,"binding":1,"defines":[]}],"samplers":[],"textures":[],"buffers":[],"images":[],"subpassInputs":[]},{"rate":2,"blocks":[],"samplerTextures":[],"samplers":[],"textures":[],"buffers":[],"images":[],"subpassInputs":[]},{"rate":3,"blocks":[{"name":"CCGlobal","stageFlags":17,"tags":{"builtin":"global"},"members":[{"name":"cc_time","typename":"vec4","type":16,"count":1,"precision":"highp "},{"name":"cc_screenSize","typename":"vec4","type":16,"count":1,"precision":"mediump "},{"name":"cc_nativeSize","typename":"vec4","type":16,"count":1,"precision":"mediump "},{"name":"cc_probeInfo","typename":"vec4","type":16,"count":1,"precision":"mediump "},{"name":"cc_debug_view_mode","typename":"vec4","type":16,"count":1,"precision":"mediump "}],"defines":[]},{"name":"CCCamera","stageFlags":17,"tags":{"builtin":"global"},"members":[{"name":"cc_matView","typename":"mat4","type":25,"count":1,"precision":"highp "},{"name":"cc_matViewInv","typename":"mat4","type":25,"count":1,"precision":"highp "},{"name":"cc_matProj","typename":"mat4","type":25,"count":1,"precision":"highp "},{"name":"cc_matProjInv","typename":"mat4","type":25,"count":1,"precision":"highp "},{"name":"cc_matViewProj","typename":"mat4","type":25,"count":1,"precision":"highp "},{"name":"cc_matViewProjInv","typename":"mat4","type":25,"count":1,"precision":"highp "},{"name":"cc_cameraPos","typename":"vec4","type":16,"count":1,"precision":"highp "},{"name":"cc_surfaceTransform","typename":"vec4","type":16,"count":1,"precision":"mediump "},{"name":"cc_screenScale","typename":"vec4","type":16,"count":1,"precision":"mediump "},{"name":"cc_exposure","typename":"vec4","type":16,"count":1,"precision":"mediump "},{"name":"cc_mainLitDir","typename":"vec4","type":16,"count":1,"precision":"mediump "},{"name":"cc_mainLitColor","typename":"vec4","type":16,"count":1,"precision":"mediump "},{"name":"cc_ambientSky","typename":"vec4","type":16,"count":1,"precision":"mediump "},{"name":"cc_ambientGround","typename":"vec4","type":16,"count":1,"precision":"mediump "},{"name":"cc_fogColor","typename":"vec4","type":16,"count":1,"precision":"mediump "},{"name":"cc_fogBase","typename":"vec4","type":16,"count":1,"precision":"mediump "},{"name":"cc_fogAdd","typename":"vec4","type":16,"count":1,"precision":"mediump "},{"name":"cc_nearFar","typename":"vec4","type":16,"count":1,"precision":"mediump "},{"name":"cc_viewPort","typename":"vec4","type":16,"count":1,"precision":"mediump "}],"defines":[]}],"samplerTextures":[],"samplers":[],"textures":[],"buffers":[],"images":[],"subpassInputs":[]}],"glsl1":{"vert":"\nprecision mediump float;\n   uniform vec4 mainTiling_Offset;\nuniform highp mat4 cc_matViewProj;\n  uniform highp vec4 cc_cameraPos;\nuniform highp mat4 cc_matWorld;\nvarying mediump vec2 uv;\nvarying mediump vec4 color;\nattribute vec3 a_position;\nattribute vec4 a_texCoord;\nattribute vec3 a_texCoord1;\nattribute vec3 a_texCoord2;\nattribute vec4 a_color;\n#if CC_DRAW_WIRE_FRAME\n  varying vec3 vBarycentric;\n#endif\nvec4 vs_main() {\n  highp vec4 pos = vec4(a_position, 1);\n  vec4 velocity = vec4(a_texCoord1.xyz, 0);\n  #if !CC_USE_WORLD_SPACE\n    pos = cc_matWorld * pos;\n    velocity = cc_matWorld * velocity;\n  #endif\n  float vertOffset = (a_texCoord.x - 0.5) * a_texCoord.y;\n  vec3 camUp = normalize(cross(pos.xyz - cc_cameraPos.xyz, velocity.xyz));\n  pos.xyz += camUp * vertOffset;\n  pos = cc_matViewProj * pos;\n  uv = a_texCoord.zw * mainTiling_Offset.xy + mainTiling_Offset.zw;;\n  color = a_color;\n  #if CC_DRAW_WIRE_FRAME\n    vBarycentric = a_texCoord2;\n  #endif\n  return pos;\n}\nvoid main() { gl_Position = vs_main(); }","frag":"\nprecision mediump float;\nvec4 CCFragOutput (vec4 color) {\n  return color;\n}\nvec4 CCSampleWithAlphaSeparated(sampler2D tex, vec2 uv) {\n#if CC_USE_EMBEDDED_ALPHA\n  return vec4(texture2D(tex, uv).rgb, texture2D(tex, uv + vec2(0.0, 0.5)).r);\n#else\n  return texture2D(tex, uv);\n#endif\n}\nvarying vec2 uv;\nvarying vec4 color;\nuniform sampler2D mainTexture;\nvec4 addSmooth () {\n  vec4 col = color * CCSampleWithAlphaSeparated(mainTexture, uv);\n  col.rgb *= col.a;\n  return CCFragOutput(col);\n}\nvoid main() { gl_FragColor = addSmooth(); }"},"builtins":{"globals":{"blocks":[{"name":"CCGlobal","defines":[]},{"name":"CCCamera","defines":[]}],"samplerTextures":[],"buffers":[],"images":[]},"locals":{"blocks":[{"name":"CCLocal","defines":[]}],"samplerTextures":[],"buffers":[],"images":[]},"statistics":{"CC_EFFECT_USED_VERTEX_UNIFORM_VECTORS":60,"CC_EFFECT_USED_FRAGMENT_UNIFORM_VECTORS":42}},"defines":[{"name":"CC_RENDER_MODE","type":"number","range":[0,4]},{"name":"CC_DRAW_WIRE_FRAME","type":"boolean"},{"name":"CC_USE_WORLD_SPACE","type":"boolean"},{"name":"CC_USE_EMBEDDED_ALPHA","type":"boolean"}]},{"hash":1427567894,"name":"particles/builtin-particle-trail|builtin/internal/particle-trail:vs_main|no-tint-fs:premultiplied","blocks":[{"name":"Constants","stageFlags":1,"binding":0,"members":[{"name":"mainTiling_Offset","type":16,"count":1},{"name":"frameTile_velLenScale","type":16,"count":1},{"name":"scale","type":16,"count":1},{"name":"nodeRotation","type":16,"count":1}],"defines":[]}],"samplerTextures":[{"name":"mainTexture","type":28,"count":1,"stageFlags":16,"sampleType":0,"binding":1,"defines":[]}],"samplers":[],"textures":[],"buffers":[],"images":[],"subpassInputs":[],"attributes":[{"name":"a_position","format":32,"location":0,"defines":[]},{"name":"a_texCoord","format":44,"location":1,"defines":[]},{"name":"a_texCoord1","format":32,"location":2,"defines":[]},{"name":"a_texCoord2","format":32,"location":3,"defines":[]},{"name":"a_color","format":44,"location":4,"defines":[]}],"fragColors":[{"name":"cc_FragColor","typename":"vec4","type":16,"count":1,"stageFlags":16,"location":0,"defines":[]}],"descriptors":[{"rate":0,"blocks":[{"name":"CCLocal","stageFlags":1,"tags":{"builtin":"local"},"members":[{"name":"cc_matWorld","typename":"mat4","type":25,"count":1,"precision":"highp "},{"name":"cc_matWorldIT","typename":"mat4","type":25,"count":1,"precision":"highp "},{"name":"cc_lightingMapUVParam","typename":"vec4","type":16,"count":1,"precision":"highp "},{"name":"cc_localShadowBias","typename":"vec4","type":16,"count":1,"precision":"highp "},{"name":"cc_reflectionProbeData1","typename":"vec4","type":16,"count":1,"precision":"highp "},{"name":"cc_reflectionProbeData2","typename":"vec4","type":16,"count":1,"precision":"highp "},{"name":"cc_reflectionProbeBlendData1","typename":"vec4","type":16,"count":1,"precision":"highp "},{"name":"cc_reflectionProbeBlendData2","typename":"vec4","type":16,"count":1,"precision":"highp "}],"defines":[]}],"samplerTextures":[],"samplers":[],"textures":[],"buffers":[],"images":[],"subpassInputs":[]},{"rate":1,"blocks":[{"name":"Constants","stageFlags":1,"binding":0,"members":[{"name":"mainTiling_Offset","type":16,"count":1},{"name":"frameTile_velLenScale","type":16,"count":1},{"name":"scale","type":16,"count":1},{"name":"nodeRotation","type":16,"count":1}],"defines":[]}],"samplerTextures":[{"name":"mainTexture","type":28,"count":1,"stageFlags":16,"sampleType":0,"binding":1,"defines":[]}],"samplers":[],"textures":[],"buffers":[],"images":[],"subpassInputs":[]},{"rate":2,"blocks":[],"samplerTextures":[],"samplers":[],"textures":[],"buffers":[],"images":[],"subpassInputs":[]},{"rate":3,"blocks":[{"name":"CCGlobal","stageFlags":17,"tags":{"builtin":"global"},"members":[{"name":"cc_time","typename":"vec4","type":16,"count":1,"precision":"highp "},{"name":"cc_screenSize","typename":"vec4","type":16,"count":1,"precision":"mediump "},{"name":"cc_nativeSize","typename":"vec4","type":16,"count":1,"precision":"mediump "},{"name":"cc_probeInfo","typename":"vec4","type":16,"count":1,"precision":"mediump "},{"name":"cc_debug_view_mode","typename":"vec4","type":16,"count":1,"precision":"mediump "}],"defines":[]},{"name":"CCCamera","stageFlags":17,"tags":{"builtin":"global"},"members":[{"name":"cc_matView","typename":"mat4","type":25,"count":1,"precision":"highp "},{"name":"cc_matViewInv","typename":"mat4","type":25,"count":1,"precision":"highp "},{"name":"cc_matProj","typename":"mat4","type":25,"count":1,"precision":"highp "},{"name":"cc_matProjInv","typename":"mat4","type":25,"count":1,"precision":"highp "},{"name":"cc_matViewProj","typename":"mat4","type":25,"count":1,"precision":"highp "},{"name":"cc_matViewProjInv","typename":"mat4","type":25,"count":1,"precision":"highp "},{"name":"cc_cameraPos","typename":"vec4","type":16,"count":1,"precision":"highp "},{"name":"cc_surfaceTransform","typename":"vec4","type":16,"count":1,"precision":"mediump "},{"name":"cc_screenScale","typename":"vec4","type":16,"count":1,"precision":"mediump "},{"name":"cc_exposure","typename":"vec4","type":16,"count":1,"precision":"mediump "},{"name":"cc_mainLitDir","typename":"vec4","type":16,"count":1,"precision":"mediump "},{"name":"cc_mainLitColor","typename":"vec4","type":16,"count":1,"precision":"mediump "},{"name":"cc_ambientSky","typename":"vec4","type":16,"count":1,"precision":"mediump "},{"name":"cc_ambientGround","typename":"vec4","type":16,"count":1,"precision":"mediump "},{"name":"cc_fogColor","typename":"vec4","type":16,"count":1,"precision":"mediump "},{"name":"cc_fogBase","typename":"vec4","type":16,"count":1,"precision":"mediump "},{"name":"cc_fogAdd","typename":"vec4","type":16,"count":1,"precision":"mediump "},{"name":"cc_nearFar","typename":"vec4","type":16,"count":1,"precision":"mediump "},{"name":"cc_viewPort","typename":"vec4","type":16,"count":1,"precision":"mediump "}],"defines":[]}],"samplerTextures":[],"samplers":[],"textures":[],"buffers":[],"images":[],"subpassInputs":[]}],"glsl1":{"vert":"\nprecision mediump float;\n   uniform vec4 mainTiling_Offset;\nuniform highp mat4 cc_matViewProj;\n  uniform highp vec4 cc_cameraPos;\nuniform highp mat4 cc_matWorld;\nvarying mediump vec2 uv;\nvarying mediump vec4 color;\nattribute vec3 a_position;\nattribute vec4 a_texCoord;\nattribute vec3 a_texCoord1;\nattribute vec3 a_texCoord2;\nattribute vec4 a_color;\n#if CC_DRAW_WIRE_FRAME\n  varying vec3 vBarycentric;\n#endif\nvec4 vs_main() {\n  highp vec4 pos = vec4(a_position, 1);\n  vec4 velocity = vec4(a_texCoord1.xyz, 0);\n  #if !CC_USE_WORLD_SPACE\n    pos = cc_matWorld * pos;\n    velocity = cc_matWorld * velocity;\n  #endif\n  float vertOffset = (a_texCoord.x - 0.5) * a_texCoord.y;\n  vec3 camUp = normalize(cross(pos.xyz - cc_cameraPos.xyz, velocity.xyz));\n  pos.xyz += camUp * vertOffset;\n  pos = cc_matViewProj * pos;\n  uv = a_texCoord.zw * mainTiling_Offset.xy + mainTiling_Offset.zw;;\n  color = a_color;\n  #if CC_DRAW_WIRE_FRAME\n    vBarycentric = a_texCoord2;\n  #endif\n  return pos;\n}\nvoid main() { gl_Position = vs_main(); }","frag":"\nprecision mediump float;\nvec4 CCFragOutput (vec4 color) {\n  return color;\n}\nvec4 CCSampleWithAlphaSeparated(sampler2D tex, vec2 uv) {\n#if CC_USE_EMBEDDED_ALPHA\n  return vec4(texture2D(tex, uv).rgb, texture2D(tex, uv + vec2(0.0, 0.5)).r);\n#else\n  return texture2D(tex, uv);\n#endif\n}\nvarying vec2 uv;\nvarying vec4 color;\nuniform sampler2D mainTexture;\nvec4 premultiplied () {\n  vec4 col = color * CCSampleWithAlphaSeparated(mainTexture, uv) * color.a;\n  return CCFragOutput(col);\n}\nvoid main() { gl_FragColor = premultiplied(); }"},"builtins":{"globals":{"blocks":[{"name":"CCGlobal","defines":[]},{"name":"CCCamera","defines":[]}],"samplerTextures":[],"buffers":[],"images":[]},"locals":{"blocks":[{"name":"CCLocal","defines":[]}],"samplerTextures":[],"buffers":[],"images":[]},"statistics":{"CC_EFFECT_USED_VERTEX_UNIFORM_VECTORS":60,"CC_EFFECT_USED_FRAGMENT_UNIFORM_VECTORS":42}},"defines":[{"name":"CC_RENDER_MODE","type":"number","range":[0,4]},{"name":"CC_DRAW_WIRE_FRAME","type":"boolean"},{"name":"CC_USE_WORLD_SPACE","type":"boolean"},{"name":"CC_USE_EMBEDDED_ALPHA","type":"boolean"}]}],[{"name":"add","passes":[{"program":"particles/builtin-particle-trail|builtin/internal/particle-trail:vs_main|tinted-fs:add","rasterizerState":{"cullMode":0},"blendState":{"targets":[{"blend":true,"blendSrc":2,"blendDst":1,"blendSrcAlpha":2,"blendDstAlpha":1}]},"depthStencilState":{"depthTest":true,"depthWrite":false},"properties":{"mainTexture":{"value":"grey","type":28},"mainTiling_Offset":{"type":16,"value":[1,1,0,0]},"frameTile_velLenScale":{"type":16,"value":[1,1,0,0]},"tintColor":{"type":16,"value":[0.5,0.5,0.5,0.5]}}},{"phase":"deferred-forward","propertyIndex":0,"program":"particles/builtin-particle-trail|builtin/internal/particle-trail:vs_main|tinted-fs:add","rasterizerState":{"cullMode":0},"blendState":{"targets":[{"blend":true,"blendSrc":2,"blendDst":1,"blendSrcAlpha":2,"blendDstAlpha":1}]},"depthStencilState":{"depthTest":true,"depthWrite":false}}]},{"name":"alpha-blend","passes":[{"program":"particles/builtin-particle-trail|builtin/internal/particle-trail:vs_main|tinted-fs:add","rasterizerState":{"cullMode":0},"blendState":{"targets":[{"blend":true,"blendSrc":1,"blendDst":4,"blendSrcAlpha":1,"blendDstAlpha":4}]},"depthStencilState":{"depthTest":true,"depthWrite":false},"properties":{"mainTexture":{"value":"grey","type":28},"mainTiling_Offset":{"type":16,"value":[1,1,0,0]},"frameTile_velLenScale":{"type":16,"value":[1,1,0,0]},"tintColor":{"type":16,"value":[0.5,0.5,0.5,0.5]}}},{"phase":"deferred-forward","propertyIndex":0,"program":"particles/builtin-particle-trail|builtin/internal/particle-trail:vs_main|tinted-fs:add","rasterizerState":{"cullMode":0},"blendState":{"targets":[{"blend":true,"blendSrc":1,"blendDst":4,"blendSrcAlpha":1,"blendDstAlpha":4}]},"depthStencilState":{"depthTest":true,"depthWrite":false}}]},{"name":"add-multiply","passes":[{"program":"particles/builtin-particle-trail|builtin/internal/particle-trail:vs_main|tinted-fs:multiply","rasterizerState":{"cullMode":0},"blendState":{"targets":[{"blend":true,"blendSrc":1,"blendDst":4,"blendSrcAlpha":1,"blendDstAlpha":4}]},"depthStencilState":{"depthTest":true,"depthWrite":false},"properties":{"mainTexture":{"value":"grey","type":28},"mainTiling_Offset":{"type":16,"value":[1,1,0,0]},"frameTile_velLenScale":{"type":16,"value":[1,1,0,0]},"tintColor":{"type":16,"value":[0.5,0.5,0.5,0.5]}}},{"phase":"deferred-forward","propertyIndex":0,"program":"particles/builtin-particle-trail|builtin/internal/particle-trail:vs_main|tinted-fs:multiply","rasterizerState":{"cullMode":0},"blendState":{"targets":[{"blend":true,"blendSrc":1,"blendDst":4,"blendSrcAlpha":1,"blendDstAlpha":4}]},"depthStencilState":{"depthTest":true,"depthWrite":false}}]},{"name":"add-smooth","passes":[{"program":"particles/builtin-particle-trail|builtin/internal/particle-trail:vs_main|no-tint-fs:addSmooth","rasterizerState":{"cullMode":0},"blendState":{"targets":[{"blend":true,"blendSrc":1,"blendDst":4,"blendSrcAlpha":1,"blendDstAlpha":4}]},"depthStencilState":{"depthTest":true,"depthWrite":false},"properties":{"mainTexture":{"value":"grey","type":28},"mainTiling_Offset":{"type":16,"value":[1,1,0,0]},"frameTile_velLenScale":{"type":16,"value":[1,1,0,0]}}},{"phase":"deferred-forward","propertyIndex":0,"program":"particles/builtin-particle-trail|builtin/internal/particle-trail:vs_main|no-tint-fs:addSmooth","rasterizerState":{"cullMode":0},"blendState":{"targets":[{"blend":true,"blendSrc":1,"blendDst":4,"blendSrcAlpha":1,"blendDstAlpha":4}]},"depthStencilState":{"depthTest":true,"depthWrite":false}}]},{"name":"premultiply-blend","passes":[{"program":"particles/builtin-particle-trail|builtin/internal/particle-trail:vs_main|no-tint-fs:premultiplied","rasterizerState":{"cullMode":0},"blendState":{"targets":[{"blend":true,"blendSrc":1,"blendDst":4,"blendSrcAlpha":1,"blendDstAlpha":4}]},"depthStencilState":{"depthTest":true,"depthWrite":false},"properties":{"mainTexture":{"value":"grey","type":28},"mainTiling_Offset":{"type":16,"value":[1,1,0,0]},"frameTile_velLenScale":{"type":16,"value":[1,1,0,0]}}},{"phase":"deferred-forward","propertyIndex":0,"program":"particles/builtin-particle-trail|builtin/internal/particle-trail:vs_main|no-tint-fs:premultiplied","rasterizerState":{"cullMode":0},"blendState":{"targets":[{"blend":true,"blendSrc":1,"blendDst":4,"blendSrcAlpha":1,"blendDstAlpha":4}]},"depthStencilState":{"depthTest":true,"depthWrite":false}}]}]]],0,0,[],[],[]]]]
