[1,["7b7HpeIghLPa+uYFvOvqr8","ebffYqeZdF06e3bkDSC1Ek@f9941","20g1ukYUVPvKWKBRznAKo+@f9941","f2//VYcglFCq0LlanwmOFF@f9941","5bAhwLketLvaLFinXHknE5@f9941","5b5Qy213dFCJGvrIAIwMrx@f9941","da/UG8yoxNQbPpXx+zZxLl@f9941","e1e0UmV6JI06zJzwnzCqE4","54TknWPwVPqJqeCR+Y/Czo@f9941","95EkngnxZFbYuFpsqVTaFr@f9941","24xBnqY6hOoanQf8RpSJu8@6c48a","f47qf8NhxDg4TGjELWbsOO@f9941","41gNuY8gxDWIXvmysh7KCp@f9941","13rQbiK3hIzp8vdc9tt562@f9941","024O+BLnFOQ5Rp+yBn5Lkn@f9941","76xaMqEENKpY0o0qQmyonR@f9941","21xEDbC3dJoYQBRwokIGRq@f9941","b2RBhext5HsrJJsLrrfBj6@f9941","08RPLEknBEZqvA9UkqxpVL@f9941","23fzQvWnRMVLOYDFI9sUz3@f9941","24xBnqY6hOoanQf8RpSJu8@f9941"],["node","_spriteFrame","_font","_parent","_target","_barSprite","_file","_normalSprite","_hoverSprite","_pressedSprite","_disabledSprite","_textureSource","_cameraComponent","backWorldBtn","scene","_scrollView","spriteFrame"],[["cc.Widget",["_alignFlags","_originalWidth","_top","_originalHeight","_left","_bottom","_right","_horizontalCenter","_alignMode","node"],-6,1],["cc.Node",["_name","_layer","_id","_objFlags","_components","_lpos","_parent","_children","_lscale"],-1,9,5,1,2,5],["cc.Label",["_string","_actualFontSize","_fontSize","_lineHeight","_isSystemFontUsed","_enableOutline","_horizontalAlign","_verticalAlign","_overflow","_outlineWidth","_enableWrapText","node","_color","_font","_outlineColor"],-8,1,5,6,5],["cc.Sprite",["_sizeMode","_type","node","_spriteFrame"],1,1,6],["cc.Node",["_name","_layer","_parent","_components","_lpos","_children","_lscale"],1,1,12,5,2,5],["cc.UITransform",["node","_contentSize","_anchorPoint"],3,1,5,5],["cc.Mask",["_type","node"],2,1],"cc.SpriteFrame",["cc.SceneAsset",["_name"],2],["cc.Node",["_name","_id","_parent","_components","_lpos"],1,1,2,5],["cc.Canvas",["node","_cameraComponent"],3,1,1],["8a58b3AxQdMiKs0lPTGIbOj",["node","backWorldBtn"],3,1,1],["cc.Button",["node","_normalColor","_target","_normalSprite","_hoverSprite","_pressedSprite","_disabledSprite"],3,1,5,1,6,6,6,6],["cc.ProgressBar",["_totalLength","_progress","node","_barSprite"],1,1,1],["cc.Graphics",["node","_fillColor"],3,1,5],["cc.Scene",["_name","_children","_globals"],2,2,4],["cc.SceneGlobals",["ambient","shadows","_skybox","fog","octree","skin","lightProbeInfo","postSettings"],3,4,4,4,4,4,4,4,4],["cc.AmbientInfo",["_skyIllumLDR","_skyColorHDR","_skyColorLDR","_groundAlbedoLDR"],2,5,5,5],["cc.ShadowsInfo",["_shadowColor"],3,5],["cc.SkyboxInfo",[],3],["cc.FogInfo",[],3],["cc.OctreeInfo",[],3],["cc.SkinInfo",[],3],["cc.LightProbeInfo",[],3],["cc.PostSettingsInfo",[],3],["cc.ParticleSystem2D",["_name","_dstBlendFactor","emissionRate","life","lifeVar","angle","angleVar","startSize","startSizeVar","endSize","startSpin","endSpin","endSpinVar","speed","speedVar","tangentialAccel","tangentialAccelVar","radialAccel","radialAccelVar","startRadius","_custom","_totalParticles","node","posVar","gravity","_startColor","_endColor","_file","_spriteFrame"],-19,1,5,5,5,5,6,6],["cc.Camera",["_projection","_priority","_orthoHeight","_far","_visibility","node","_color"],-2,1,5],["cc.ScrollBar",["_direction","node","_handle"],2,1,1],["cc.ScrollView",["bounceDuration","brake","horizontal","node","_content","_verticalScrollBar"],0,1,1,1],["cc.ParticleAsset",["_name","_native"],1]],[[5,0,1,1],[5,0,1,2,1],[1,0,1,6,7,4,5,3],[1,0,1,6,4,3],[1,0,1,6,4,5,3],[3,2,3,1],[0,0,4,2,9,4],[2,0,6,1,2,3,4,11,12,13,7],[3,1,0,2,3,3],[3,0,2,3,2],[5,0,1],[1,0,1,6,7,4,3],[1,0,3,1,6,4,5,4],[0,0,2,9,3],[0,0,1,3,9,4],[0,0,4,6,2,1,9,6],[3,1,0,2,3],[2,0,1,2,3,8,10,4,5,11,12,14,13,9],[0,0,9,2],[2,0,7,1,2,3,4,5,11,12,14,13,8],[1,0,1,7,4,3],[4,0,1,2,5,3,4,3],[4,0,1,2,3,4,3],[0,0,2,7,9,4],[0,0,5,9,3],[0,0,4,6,2,5,1,3,9,8],[12,0,1,2,3,4,5,6,1],[13,0,1,2,3,3],[14,0,1,1],[25,0,1,2,3,4,5,6,7,8,9,10,11,12,13,14,15,16,17,18,19,20,21,22,23,24,25,26,27,28,23],[8,0,2],[1,0,1,2,7,4,5,4],[1,0,1,7,4,5,3],[1,0,1,6,7,4,5,8,3],[1,0,1,6,4,5,8,3],[4,0,1,2,3,4,6,3],[9,0,1,2,3,4,3],[10,0,1,1],[0,0,1,9,3],[0,0,5,1,3,9,5],[0,0,3,8,9,4],[0,0,4,9,3],[0,0,4,6,5,1,3,9,7],[11,0,1,1],[6,1,1],[6,0,1,2],[2,0,1,2,3,4,5,11,12,14,13,7],[2,0,6,7,1,2,3,8,4,5,9,11,12,14,13,11],[15,0,1,2,2],[16,0,1,2,3,4,5,6,7,1],[17,0,1,2,3,2],[18,0,1],[19,1],[20,1],[21,1],[22,1],[23,1],[24,1],[26,0,1,2,3,4,5,6,6],[27,0,1,2,2],[28,0,1,2,3,4,5,4],[29,0,1,3]],[[[{"name":"atom","rect":{"x":0,"y":0,"width":31,"height":31},"offset":{"x":0,"y":0},"originalSize":{"width":31,"height":31},"rotated":false,"capInsets":[0,0,0,0],"vertices":{"rawPosition":[-15.5,-15.5,0,15.5,-15.5,0,-15.5,15.5,0,15.5,15.5,0],"indexes":[0,1,2,2,1,3],"uv":[0,31,31,31,0,0,31,0],"nuv":[0,0,1,0,0,1,1,1],"minPos":{"x":-15.5,"y":-15.5,"z":0},"maxPos":{"x":15.5,"y":15.5,"z":0}},"packable":true,"pixelsToUnit":100,"pivot":{"x":0.5,"y":0.5},"meshType":0}],[7],0,[0],[11],[10]],[[[30,"Personal"],[31,"Canvas",33554432,"5cU9LsrDBBxJ5TSKsb9oHF",[-7,-8,-9,-10,-11,-12,-13],[[0,-1,[5,1080,1920]],[37,-3,-2],[18,45,-4],[43,-6,-5]],[1,540,960,0]],[2,"item_btn",33554432,1,[-18,-19,-20,-21],[[10,-14],[26,-16,[4,4292269782],-15,15,16,17,18],[23,17,430,-260,-17]],[1,-260,480,0]],[2,"skill_btn",33554432,1,[-26,-27,-28,-29],[[10,-22],[26,-24,[4,4292269782],-23,24,25,26,27],[23,17,430,260,-25]],[1,260,480,0]],[32,"content",33554432,[-32,-33,-34,-35],[[1,-30,[5,880,1300],[0,0.5,1]],[38,41,220,-31]],[1,0,587.5,0]],[20,"pannal",33554432,[-39,-40,-41,-42],[[1,-36,[5,780,264.4],[0,0.5,1]],[8,1,0,-37,40],[39,45,-55.099999999999966,450,260,-38]]],[2,"head",33554432,1,[-45,-46,-47,-48],[[10,-43],[13,17,350.00000000000006,-44]],[1,0,560,0]],[2,"HP",33554432,6,[-54],[[0,-49,[5,156,14]],[8,1,0,-50,8],[27,148,1,-52,-51],[24,20,-125,-53]],[1,0,-168,0]],[33,"MANA",33554432,6,[-60],[[0,-55,[5,156,14]],[8,1,0,-56,9],[27,148,1,-58,-57],[24,20,-142.5,-59]],[1,0,-185.5,0],[1,1,-1,1]],[21,"ScrollView",33554432,1,[-64,-65],[[[0,-61,[5,880,1175]],-62,[25,45,100,100,645,100,240,250,-63]],4,1,4],[1,0,-272.5,0]],[21,"scrollBar",33554432,9,[-70],[[[1,-66,[5,12,1175],[0,1,0.5]],[16,1,0,-67],[40,37,250,1,-68],-69],4,4,4,1],[1,440,0,0]],[11,"view",33554432,9,[4],[[0,-71,[5,880,1175]],[44,-72],[28,-73,[4,16777215]],[14,45,240,250,-74]]],[20,"pannal",33554432,[-78,-79],[[1,-75,[5,780,202.2],[0,0.5,1]],[8,1,0,-76,45],[14,45,450,260,-77]]],[11,"bg-001",33554432,1,[-83],[[0,-80,[5,1080,1920]],[9,0,-81,1],[14,45,1080,1920,-82]]],[2,"top_bar",33554432,1,[-87],[[1,-84,[5,1921,88],[0,0,0.5]],[5,-85,3],[18,9,-86]],[1,-540,916,0]],[34,"arrow",33554432,14,[[0,-88,[5,104,62]],[5,-89,2],[41,10,30,-90]],[1,82,0,0],[1,-1,1,1]],[2,"name_bar",33554432,1,[-94],[[0,-91,[5,980,100]],[9,0,-92,5],[15,41,50,50,150.5,640,-93]],[1,0,759.5,0]],[11,"Mask",33554432,6,[-98],[[0,-95,[5,240,240]],[45,1,-96],[28,-97,[4,16777215]]]],[2,"base_data",33554432,4,[-101,-102],[[1,-99,[5,780,196],[0,0.5,1]],[15,41,50,50,322.5,100,-100]],[1,0,-322.5,0]],[11,"pannal",33554432,18,[-106],[[1,-103,[5,780,196],[0,0.5,1]],[8,1,0,-104,29],[14,45,450,260,-105]]],[2,"tab",33554432,18,[-110],[[0,-107,[5,500,80]],[9,0,-108,31],[13,17,-19,-109]],[1,0,-21,0]],[2,"base_prop",33554432,4,[5,-113],[[1,-111,[5,780,209.3],[0,0.5,1]],[15,41,50,50,580.965,100,-112]],[1,0,-580.965,0]],[2,"strength",33554432,5,[-117],[[1,-114,[5,174.4140625,63],[0,0,0.5]],[7,"力量：0",0,50,50,50,false,-115,[4,4281417045],33],[6,9,150,70,-116]],[1,-240,-101.5,0]],[2,"agility",33554432,5,[-121],[[1,-118,[5,174.4140625,63],[0,0,0.5]],[7,"敏捷：0",0,50,50,50,false,-119,[4,4281417045],35],[6,9,150,145,-120]],[1,-240,-176.5,0]],[2,"stamina",33554432,5,[-125],[[1,-122,[5,174.4140625,63],[0,0,0.5]],[7,"智力：0",0,50,50,50,false,-123,[4,4281417045],37],[6,9,460,70,-124]],[1,70,-101.5,0]],[2,"intelligence",33554432,5,[-129],[[1,-126,[5,174.4140625,63],[0,0,0.5]],[7,"耐力：0",0,50,50,50,false,-127,[4,4281417045],39],[6,9,460,145,-128]],[1,70,-176.5,0]],[2,"tab",33554432,21,[-133],[[0,-130,[5,500,80]],[9,0,-131,42],[13,17,-19,-132]],[1,0,-21,0]],[2,"base_neng",33554432,4,[12,-136],[[1,-134,[5,780,202.2],[0,0.5,1]],[15,41,50,50,901.099,100,-135]],[1,0,-901.099,0]],[2,"tab",33554432,27,[-140],[[0,-137,[5,500,80]],[9,0,-138,47],[13,17,-19,-139]],[1,0,-21,0]],[4,"paper",33554432,13,[[0,-141,[5,1020,1770]],[8,1,0,-142,0],[25,45,30,30,120,30,637,942,-143]],[1,0,-45,0]],[3,"Name",33554432,16,[[0,-144,[5,324,104.8]],[46,"奇意先生",80,80,80,false,true,-145,[4,4281090132],[4,4289975011],4],[18,18,-146]]],[4,"level",33554432,19,[[1,-147,[5,122.8515625,63],[0,0,0.5]],[7,"Lev.0",0,50,50,50,false,-148,[4,4281417045],28],[6,9,100,70,-149]],[1,-290,-101.5,0]],[4,"label",33554432,12,[[1,-150,[5,100,63],[0,0,0.5]],[7,"欺瞒",0,50,50,50,false,-151,[4,4281417045],43],[6,9,100,70,-152]],[1,-290,-101.5,0]],[4,"label-001",33554432,12,[[1,-153,[5,100,63],[0,0,0.5]],[7,"隐匿",0,50,50,50,false,-154,[4,4281417045],44],[6,9,428.025,70,-155]],[1,38.02499999999998,-101.5,0]],[4,"description",33554432,4,[[1,-156,[5,780,257.6],[0,0,1]],[47,"        锦州，云游方士，善观星卜卦，济世不为名。身怀旧卷，寻天地失落的箴言。言出温润，却常引惊雷。",0,0,50,50,60,3,false,true,1,-157,[4,4278521917],[4,4287676377],48],[42,41,50,50,1249.6,940,50.4,-158]],[1,-390,0,0]],[48,"Personal",[-159,1],[49,[50,0.8,[2,0.2,0.5,0.8,0.520833125],[2,0.452588,0.607642,0.755699,0],[2,0.618555,0.577848,0.544564,0]],[51,[4,4283190348]],[52],[53],[54],[55],[56],[57]]],[3,"1_1",33554432,17,[[0,-160,[5,250,250]],[9,0,-161,6]]],[3,"head_frame",33554432,6,[[0,-162,[5,262,275]],[5,-163,7]]],[35,"Bar",33554432,7,[[[1,-164,[5,148,9],[0,0,0.5]],-165],4,1],[1,-73.5,1.2,0],[1,1,-1,1]],[22,"Bar",33554432,8,[[[1,-166,[5,148,9],[0,0,0.5]],-167],4,1],[1,-73.5,1.2,0]],[3,"Particle2D",33554432,2,[[10,-168],[29,"Node<ParticleSystem2D>",1,855,0.20000000298023224,0.5,360,360,70,90,10,-77,-47,-142.11000061035156,72,-62,-76,-37,-30,-32,100,true,200,-169,[0,7,7],[0,0.25,200],[4,2734686208],[4,3814612574],10,11]]],[3,"btn1",33554432,2,[[0,-170,[5,130,115]],[5,-171,12]]],[12,"Label-001",512,33554432,2,[[0,-172,[5,100,40]],[17,"行",41.2,41.2,60,1,false,false,true,-173,[4,4289317595],[4,4278916647],13]],[1,-15.511,16.423,0]],[12,"Label",512,33554432,2,[[0,-174,[5,100,40]],[17,"囊",51.6,51.6,60,1,false,false,true,-175,[4,4289317595],[4,4278916647],14]],[1,7.3,-8.212,0]],[3,"Particle2D",33554432,3,[[10,-176],[29,"Node<ParticleSystem2D>",1,855,0.20000000298023224,0.5,360,360,70,90,10,-77,-47,-142.11000061035156,72,-62,-76,-37,-30,-32,100,true,200,-177,[0,7,7],[0,0.25,200],[4,2734686208],[4,3814612574],19,20]]],[3,"btn1",33554432,3,[[0,-178,[5,130,115]],[5,-179,21]]],[12,"Label-001",512,33554432,3,[[0,-180,[5,100,40]],[17,"傍",41.2,41.2,60,1,false,false,true,-181,[4,4289317595],[4,4278916647],22]],[1,-15.511,16.423,0]],[12,"Label",512,33554432,3,[[0,-182,[5,100,40]],[17,"身",51.6,51.6,60,1,false,false,true,-183,[4,4289317595],[4,4278916647],23]],[1,7.3,-8.212,0]],[22,"bar",33554432,10,[[[1,-184,[5,10,156.25],[0,0,0]],-185],4,1],[1,-11,-31.25,0]],[3,"Label",33554432,20,[[0,-186,[5,124,79.6]],[19,"名谱",0,60,60,60,false,true,-187,[4,4291293179],[4,4278723655],30]]],[4,"+",33554432,22,[[0,-188,[5,45,47]],[5,-189,32]],[1,-30,0,0]],[4,"+",33554432,23,[[0,-190,[5,45,47]],[5,-191,34]],[1,-30,0,0]],[4,"+",33554432,24,[[0,-192,[5,45,47]],[5,-193,36]],[1,-30,0,0]],[4,"+",33554432,25,[[0,-194,[5,45,47]],[5,-195,38]],[1,-30,0,0]],[3,"Label",33554432,26,[[0,-196,[5,124,79.6]],[19,"禀赋",0,60,60,60,false,true,-197,[4,4291293179],[4,4278723655],41]]],[3,"Label",33554432,28,[[0,-198,[5,124,79.6]],[19,"才识",0,60,60,60,false,true,-199,[4,4291293179],[4,4278723655],46]]],[36,"Camera","a1S9KKCdBBTrCt6AnmQb5Y",35,[-200],[1,540,960,1000]],[58,0,1073741824,960,2000,33554432,56,[4,4278190080]],[16,2,0,38],[16,2,0,39],[16,1,0,48],[59,1,10,60],[60,0.23,0.75,false,9,4,61]],0,[0,0,1,0,12,57,0,0,1,0,0,1,0,13,15,0,0,1,0,-1,13,0,-2,14,0,-3,16,0,-4,6,0,-5,2,0,-6,3,0,-7,9,0,0,2,0,4,2,0,0,2,0,0,2,0,-1,40,0,-2,41,0,-3,42,0,-4,43,0,0,3,0,4,3,0,0,3,0,0,3,0,-1,44,0,-2,45,0,-3,46,0,-4,47,0,0,4,0,0,4,0,-1,18,0,-2,21,0,-3,27,0,-4,34,0,0,5,0,0,5,0,0,5,0,-1,22,0,-2,23,0,-3,24,0,-4,25,0,0,6,0,0,6,0,-1,17,0,-2,37,0,-3,7,0,-4,8,0,0,7,0,0,7,0,5,58,0,0,7,0,0,7,0,-1,38,0,0,8,0,0,8,0,5,59,0,0,8,0,0,8,0,-1,39,0,0,9,0,-2,62,0,0,9,0,-1,10,0,-2,11,0,0,10,0,0,10,0,0,10,0,-4,61,0,-1,48,0,0,11,0,0,11,0,0,11,0,0,11,0,0,12,0,0,12,0,0,12,0,-1,32,0,-2,33,0,0,13,0,0,13,0,0,13,0,-1,29,0,0,14,0,0,14,0,0,14,0,-1,15,0,0,15,0,0,15,0,0,15,0,0,16,0,0,16,0,0,16,0,-1,30,0,0,17,0,0,17,0,0,17,0,-1,36,0,0,18,0,0,18,0,-1,19,0,-2,20,0,0,19,0,0,19,0,0,19,0,-1,31,0,0,20,0,0,20,0,0,20,0,-1,49,0,0,21,0,0,21,0,-2,26,0,0,22,0,0,22,0,0,22,0,-1,50,0,0,23,0,0,23,0,0,23,0,-1,51,0,0,24,0,0,24,0,0,24,0,-1,52,0,0,25,0,0,25,0,0,25,0,-1,53,0,0,26,0,0,26,0,0,26,0,-1,54,0,0,27,0,0,27,0,-2,28,0,0,28,0,0,28,0,0,28,0,-1,55,0,0,29,0,0,29,0,0,29,0,0,30,0,0,30,0,0,30,0,0,31,0,0,31,0,0,31,0,0,32,0,0,32,0,0,32,0,0,33,0,0,33,0,0,33,0,0,34,0,0,34,0,0,34,0,-1,56,0,0,36,0,0,36,0,0,37,0,0,37,0,0,38,0,-2,58,0,0,39,0,-2,59,0,0,40,0,0,40,0,0,41,0,0,41,0,0,42,0,0,42,0,0,43,0,0,43,0,0,44,0,0,44,0,0,45,0,0,45,0,0,46,0,0,46,0,0,47,0,0,47,0,0,48,0,-2,60,0,0,49,0,0,49,0,0,50,0,0,50,0,0,51,0,0,51,0,0,52,0,0,52,0,0,53,0,0,53,0,0,54,0,0,54,0,0,55,0,0,55,0,-1,57,0,14,35,1,3,35,4,3,11,5,3,21,12,3,27,61,15,62,200],[0,0,0,0,0,0,0,0,0,0,0,0,0,0,0,0,0,0,0,0,0,0,0,0,0,0,0,0,0,0,0,0,0,0,0,0,0,0,0,0,0,0,0,0,0,0,0,0,0,58,59],[1,1,1,1,2,1,1,1,1,1,6,1,1,2,2,7,8,9,10,6,1,1,2,2,7,8,9,10,2,1,2,1,1,2,1,2,1,2,1,2,1,2,1,2,2,1,2,1,2,1,1],[11,12,13,14,0,15,16,17,6,6,7,1,1,0,0,2,2,8,9,7,1,1,0,0,2,2,8,9,0,4,0,5,3,0,3,0,3,0,3,0,4,0,5,0,0,4,0,5,0,18,19]],[[[61,"atom_new",".plist"],-1],0,0,[0],[16],[20]]]]
